Chicago,85,F
Chicago,85,F
Chicago,85,F
Chicago,85,F
Chicago,78.22222222222223San Francisco,57.42857142857143London,-9.206349206349206Delhi,-3.888888888888889Sydney,32.23809523809524